AminoAcid	Codon	Observed	RSCU
F	TTT	115	0.9623430962343096
F	TTC	124	1.0376569037656904
L	TTA	116	1.1171749598715892
L	TTG	12	0.11556982343499198
L	CTT	110	1.0593900481540932
L	CTC	113	1.0882825040128412
L	CTA	255	2.4558587479935796
L	CTG	17	0.1637239165329053
S	TCT	57	1.2127659574468086
S	TCC	86	1.8297872340425532
S	TCA	85	1.8085106382978724
S	TCG	4	0.0851063829787234
S	AGT	16	0.3404255319148936
S	AGC	34	0.723404255319149
Y	TAT	78	1.2283464566929134
Y	TAC	49	0.7716535433070866
C	TGT	8	0.6153846153846154
C	TGC	18	1.3846153846153846
W	TGA	95	1.7924528301886793
W	TGG	11	0.20754716981132076
P	CCT	41	0.8631578947368421
P	CCC	79	1.6631578947368422
P	CCA	68	1.431578947368421
P	CCG	2	0.042105263157894736
H	CAT	41	0.8367346938775511
H	CAC	57	1.163265306122449
Q	CAA	77	1.8780487804878048
Q	CAG	5	0.12195121951219512
R	CGT	9	0.5625
R	CGC	9	0.5625
R	CGA	44	2.75
R	CGG	2	0.125
I	ATT	197	1.1761194029850746
I	ATC	138	0.8238805970149253
M	ATA	235	1.8076923076923077
M	ATG	25	0.19230769230769232
T	ACT	85	1.0759493670886076
T	ACC	97	1.2278481012658229
T	ACA	127	1.6075949367088607
T	ACG	7	0.08860759493670886
N	AAT	73	0.906832298136646
N	AAC	88	1.093167701863354
K	AAA	92	1.803921568627451
K	AAG	10	0.19607843137254902
V	GTT	39	0.9811320754716981
V	GTC	31	0.779874213836478
V	GTA	82	2.0628930817610063
V	GTG	7	0.1761006289308176
A	GCT	59	0.9874476987447699
A	GCC	89	1.4895397489539748
A	GCA	84	1.405857740585774
A	GCG	7	0.11715481171548117
D	GAT	25	0.7936507936507936
D	GAC	38	1.2063492063492063
E	GAA	81	1.6875
E	GAG	15	0.3125
G	GGT	36	0.663594470046083
G	GGC	56	1.032258064516129
G	GGA	99	1.8248847926267282
G	GGG	26	0.4792626728110599
*	TAA	8	3.2
*	TAG	1	0.4
*	AGA	1	0.4
*	AGG	0	0.0
