AminoAcid	Percentage	Count
A	6.297760210803689	239
C	0.6851119894598156	26
D	1.6600790513833994	63
E	2.5296442687747036	96
F	6.297760210803689	239
G	5.718050065876152	217
H	2.5823451910408433	98
I	8.827404479578393	335
K	2.6877470355731226	102
L	16.4163372859025	623
M	6.851119894598155	260
N	4.242424242424243	161
P	5.006587615283268	190
Q	2.160737812911726	82
R	1.686429512516469	64
S	7.430830039525691	282
T	8.326745718050066	316
V	4.189723320158103	159
W	2.793148880105402	106
Y	3.3465085638998686	127
